{"cameraMode":{"drawMode":0,"name":"Shaded","section":"Shading Mode"},"sceneLighting":true,"audioPlay":false,"sceneViewState":{"showFog":true,"showMaterialUpdate":false,"showSkybox":true,"showFlares":true,"showImageEffects":true,"showParticleSystems":true},"in2DMode":false,"pivot":{"x":-0.1678617000579834,"y":0.0,"z":0.16223150491714478},"rotation":{"x":0.2432154268026352,"y":-0.5093783140182495,"z":0.15278130769729615,"w":0.811255931854248},"size":3.612178325653076,"orthographic":false}